fed_id,h3,resolution,role,parent_h3,name_source,name_csd,municipality,mesh_csd,compass,plain_fed_id,named_from_h3,opens_year,open_atlas,open_settled,open_settled_counts,open_city,open_override
100032095,841aa01ffffffff,4,hex,,own place,1001505,,,,,,1949,1949,1662,1,,
100032097,841aa05ffffffff,4,hex,,own place,1001409,,,,,,1949,1949,1610,1,,
100032098,841aa07ffffffff,4,hex,,own place,1001519,,,,,,1949,1949,1497,1,,
100032114,841aa2bffffffff,4,hex,,own place,1001472,,,,,,1949,1949,1689,1,,
100032126,841aa47ffffffff,4,hex,,own place,1007023,,,,,,1949,1949,1893,1,,
100032142,841aa6bffffffff,4,hex,,own place,1007013,,,,,,1949,1949,,0,,
100032229,841ab53ffffffff,4,hex,,own place,1002024,,,,,,1949,1949,1718,1,,
100033423,841b98bffffffff,4,hex,,own place,1008061,,,,,,1949,1949,1877,1,,
100033425,841b991ffffffff,4,hex,,own place,1008044,,,,,,1949,1949,1876,1,,
100033426,841b993ffffffff,4,hex,,own place,1006009,,,,,,1949,1949,1886,1,,
100033427,841b995ffffffff,4,hex,,own place,1006017,,,,,,1949,1949,1700,1,,
100033429,841b999ffffffff,4,hex,,own place,1008035,,,,,,1949,1949,,0,,
100033436,841b9a9ffffffff,4,hex,,own place,1005018,,,,,,1949,1949,1864,1,,
100033438,841b9adffffffff,4,hex,,own place,1005033,,,,,,1949,1949,,0,,
100033568,841bb07ffffffff,4,hex,,own place,1010025,,,,,,1949,1949,1942,0,,
100052022,842b24bffffffff,4,hex,,own place,1004019,,,,,,1949,1949,,0,,
110051797,842b009ffffffff,4,hex,,own place,1103025,,,,,,1873,1873,1824,1,,
110051798,842b00bffffffff,4,hex,,own place,1103005,,,,,,1873,1873,,0,,
110051799,842b00dffffffff,4,hex,,own place,1103052,,,,,,1901,1873,1901,1,,
110051828,842b051ffffffff,4,hex,,own place,1101045,,,,,,1873,1873,1732,1,,
110051830,842b055ffffffff,4,hex,,own place,1102075,,,,,,1873,1873,1764,1,,
120051794,842b003ffffffff,4,hex,,own place,1211011,,,,,,1867,1867,1690,0,,
120051800,842b011ffffffff,4,hex,,own place,1210006,,,,,,1867,1867,1759,0,,
120051801,842b013ffffffff,4,hex,,own place,1209034,,,,,,1867,1867,1749,0,,
120051802,842b015ffffffff,4,hex,,borrowed,1211012,,,,,842b003ffffffff,1867,1867,,0,,
120051803,842b017ffffffff,4,hex,,own place,1208008,,,,,,1867,1867,1861,0,,
120051804,842b019ffffffff,4,hex,,own place,1212009,,,,,,1867,1867,1894,0,,
120051806,842b01dffffffff,4,hex,,borrowed,1212008,,,,,842b019ffffffff,1867,1867,,0,,
120051815,842b033ffffffff,4,hex,,own place,1207004,,,,,,1867,1867,1810,0,,
120051819,842b03bffffffff,4,hex,,own place,1207012,,,,,,1867,1867,1755,0,,
120051829,842b053ffffffff,4,hex,,own place,1212014,,,,,,1867,1867,1767,0,,
120051856,842b0a1ffffffff,4,hex,,own place,1201004,,,,,,1867,1867,1773,0,,
120051858,842b0a5ffffffff,4,hex,,own place,1201001,,,,,,1867,1867,,0,,
120051872,842b0c5ffffffff,4,hex,,borrowed,1210002,,,,,842b011ffffffff,1867,1867,,0,,
120051876,842b0cdffffffff,4,hex,,borrowed,1208003,,,,,842b017ffffffff,1867,1867,,0,,
120051884,842b0e1ffffffff,4,hex,,own place,1206004,,,,,,1867,1867,1753,0,,
120051887,842b0e7ffffffff,4,hex,,own place,1204010,,,,,,1867,1867,,0,,
120051888,842b0e9ffffffff,4,hex,,borrowed,1206006,,,,,842b0e1ffffffff,1867,1867,,0,,
120051890,842b0edffffffff,4,hex,,own place,1206009,,,,,,1867,1867,,0,,
120051951,842b199ffffffff,4,hex,,borrowed,1203001,,,,,842b1d3ffffffff,1867,1867,1761,0,,
120051975,842b1d1ffffffff,4,hex,,borrowed,1205008,,,,,842b1d9ffffffff,1867,1867,,0,,
120051976,842b1d3ffffffff,4,hex,,own place,1202004,,,,,,1867,1867,1879,0,,
120051979,842b1d9ffffffff,4,hex,,own place,1203006,,,,,,1867,1867,1629,0,,
120052058,842b2adffffffff,4,hex,,own place,1214002,,,,,,1867,1867,1784,0,,
120052068,842b2c5ffffffff,4,hex,,borrowed,1213004,,,,,842b2a9ffffffff,1867,1867,,0,,
120052080,842b2e1ffffffff,4,hex,,borrowed,1212016,,,,,842b053ffffffff,1867,1867,,0,,
120052081,842b2e3ffffffff,4,hex,,borrowed,1212004,,,,,842b053ffffffff,1867,1867,,0,,
120052083,842b2e7ffffffff,4,hex,,own place,1215002,,,,,,1867,1867,1789,0,,
120052084,842b2e9ffffffff,4,hex,,borrowed,1213008,,,,,842b2e7ffffffff,1867,1867,,0,,
120052085,842b2ebffffffff,4,hex,,own place,1217030,,,,,,1867,1867,,0,,
130051793,842b001ffffffff,4,hex,,own place,1307007,,,,,,1867,1867,1804,0,,
130051795,842b005ffffffff,4,hex,,own place,1308005,,,,,,1867,1867,1832,0,,
130051796,842b007ffffffff,4,hex,,own place,1307022,,,,,,1867,1867,1733,0,,
130051808,842b023ffffffff,4,hex,,own place,1305031,,,,,,1867,1867,1840,0,,
130051810,842b027ffffffff,4,hex,,own place,1310031,,,,,,1867,1867,1904,0,,
130051811,842b029ffffffff,4,hex,,own place,1309017,,,,,,1867,1867,1797,0,,
130051812,842b02bffffffff,4,hex,,own place,1307028,,,,,,1867,1867,1782,0,,
130051813,842b02dffffffff,4,hex,,own place,1309019,,,,,,1867,1867,,0,,
130051816,842b035ffffffff,4,hex,,own place,1305022,,,,,,1867,1867,1835,0,,
130051820,842b03dffffffff,4,hex,,own place,1307029,,,,,,1867,1867,1874,0,,
130051835,842b061ffffffff,4,hex,,own place,1309038,,,,,,1867,1867,,0,,
130051837,842b065ffffffff,4,hex,,own place,1315002,,,,,,1867,1867,,0,,
130051838,842b067ffffffff,4,hex,,own place,1309050,,,,,,1867,1867,,0,,
130051841,842b06dffffffff,4,hex,,own place,1315028,,,,,,1867,1867,1735,0,,
130051891,842b101ffffffff,4,hex,,own place,1313027,,,,,,1867,1867,1850,0,,
130051892,842b103ffffffff,4,hex,,own place,1312019,,,,,,1867,1867,1920,0,,
130051898,842b111ffffffff,4,hex,,own place,1311027,,,,,,1867,1867,1813,0,,
130051899,842b113ffffffff,4,hex,,own place,1310054,,,,,,1867,1867,1784,0,,
130051901,842b117ffffffff,4,hex,,own place,1311014,,,,,,1867,1867,,0,,
130051903,842b11bffffffff,4,hex,,own place,1310037,,,,,,1867,1867,1846,0,,
130051904,842b11dffffffff,4,hex,,own place,1312006,,,,,,1867,1867,1801,0,,
130051930,842b159ffffffff,4,hex,,own place,1315011,,,,,,1867,1867,1797,0,,
130051932,842b15dffffffff,4,hex,,own place,1314013,,,,,,1867,1867,,0,,
130051969,842b1c3ffffffff,4,hex,,own place,1302018,,,,,,1867,1867,1783,0,,
130051971,842b1c7ffffffff,4,hex,,own place,1302037,,,,,,1867,1867,1604,0,,
130051972,842b1c9ffffffff,4,hex,,own place,1304005,,,,,,1867,1867,1895,0,,
130051973,842b1cbffffffff,4,hex,,own place,1301006,,,,,,1867,1867,1604,0,,
130051974,842b1cdffffffff,4,hex,,own place,1310032,,,,,,1867,1867,1693,0,,
130052109,842b333ffffffff,4,hex,,own place,1315038,,,,,,1867,1867,1808,0,,
240017206,840e491ffffffff,4,hex,,own place,2496010,,,,,,1867,1867,,0,,
240017209,840e497ffffffff,4,hex,,own place,2496020,,,,,,1937,1867,1937,0,,1937
240017235,840e4d3ffffffff,4,hex,,own place,2497022,,,,,,1867,1867,,0,,
240017239,840e4dbffffffff,4,hex,,own place,2497007,,,,,,1867,1867,,0,,
240017319,840e5b3ffffffff,4,hex,,own place,2499025,,,,,,1952,1870,,0,,1952
240017415,840e6adffffffff,4,hex,,own place,1010034,,,,,,1955,1867,,0,,1955
240051893,842b105ffffffff,4,hex,,own place,2413073,,,,,,1867,1867,1880,0,,
240051905,842b121ffffffff,4,hex,,own place,2414085,,,,,,1867,1867,1674,0,,
240051907,842b125ffffffff,4,hex,,own place,2415013,,,,,,1867,1867,1800,0,,
240051908,842b127ffffffff,4,hex,,own place,2417078,,,,,,1867,1867,1679,0,,
240051909,842b129ffffffff,4,hex,,own place,2412072,,,,,,1867,1867,1850,0,,
240051911,842b12dffffffff,4,hex,,own place,2415058,,,,,,1867,1867,1903,0,,
240051919,842b141ffffffff,4,hex,,own place,2407018,,,,,,1867,1867,1870,0,,
240051920,842b143ffffffff,4,hex,,own place,1314015,,,,,,1867,1867,1855,0,,
240051921,842b145ffffffff,4,hex,,own place,2407047,,,,,,1867,1867,1855,0,,
240051924,842b14bffffffff,4,hex,,own place,1314014,,,,,,1867,1867,1837,0,,
240051925,842b14dffffffff,4,hex,,own place,2408053,,,,,,1867,1867,1870,0,,
240051933,842b161ffffffff,4,hex,,own place,2410070,,,,,,1867,1867,1855,0,,
240051934,842b163ffffffff,4,hex,,own place,2411010,,,,,,1867,1867,1864,0,,
240051936,842b167ffffffff,4,hex,,own place,2411040,,,,,,1867,1867,1855,0,,
240051937,842b169ffffffff,4,hex,,own place,2409077,,,,,,1867,1867,1855,0,,
240051938,842b16bffffffff,4,hex,,own place,2410043,,,,,,1867,1867,1859,0,,
240052012,842b235ffffffff,4,hex,,own place,2401023,,,,,,1867,1867,1875,0,,
240052088,842b303ffffffff,4,hex,,own place,2403005,,,,,,1867,1867,1873,0,,
240052096,842b315ffffffff,4,hex,,own place,2402015,,,,,,1867,1867,1855,0,,
240052104,842b327ffffffff,4,hex,,own place,2404037,,,,,,1867,1867,1815,0,,
240052108,842b331ffffffff,4,hex,,own place,2405032,,,,,,1867,1867,1855,0,,
240052111,842b337ffffffff,4,hex,,own place,2406013,,,,,,1867,1867,1799,0,,
240052479,842b801ffffffff,4,hex,,own place,2479088,,,,,,1867,1867,1877,0,,
240052482,842b807ffffffff,4,hex,,own place,2483032,,,,,,1867,1867,1862,0,,
240052483,842b809ffffffff,4,hex,,own place,2479037,,,,,,1867,1867,1886,0,,
240052484,842b80bffffffff,4,hex,,own place,2478120,,,,,,1867,1867,1883,0,,
240052488,842b815ffffffff,4,hex,,own place,3502036,,,,,,1867,1867,1855,0,,
240052490,842b819ffffffff,4,hex,,own place,2475017,,,,,,1867,1867,1753,0,,
240052491,842b81bffffffff,4,hex,,own place,2471083,,,,,,1867,1867,1679,0,,
240052492,842b81dffffffff,4,hex,,own place,2480027,,,,,,1867,1867,1855,0,,
240052494,842b823ffffffff,4,hex,,own place,3547076,,,,,,1867,1867,1828,0,,
240052504,842b839ffffffff,4,hex,,own place,2482015,,,,,,1867,1867,1830,0,,
240052506,842b83dffffffff,4,hex,,own place,2484060,,,,,,1867,1867,1845,0,,
240052514,842b851ffffffff,4,hex,,own place,2462080,,,,,,1867,1867,1895,0,,
240052515,842b853ffffffff,4,hex,,own place,2463048,,,,,,1867,1867,1845,0,,
240052517,842b857ffffffff,4,hex,,own place,2478032,,,,,,1867,1867,1849,0,,
240052519,842b85bffffffff,4,hex,,own place,2452080,,,,,,1867,1867,1855,0,,
240052562,842b8cdffffffff,4,hex,,own place,2469055,,,,,,1867,1867,1825,0,,
240052605,842b941ffffffff,4,hex,,own place,3554058,,,,,,1867,1867,,0,,
240052675,842ba01ffffffff,4,hex,,own place,2491025,,,,,,1867,1867,1873,0,,
240052679,842ba09ffffffff,4,hex,,own place,2493042,,,,,,1867,1867,1879,0,,
240052680,842ba0bffffffff,4,hex,,own place,2493012,,,,,,1867,1867,1859,0,,
240052681,842ba0dffffffff,4,hex,,own place,2492022,,,,,,1867,1867,1878,0,,
240052683,842ba13ffffffff,4,hex,,own place,2422045,,,,,,1867,1867,1636,0,,
240052701,842ba3bffffffff,4,hex,,borrowed,2434128,,,,,842ba17ffffffff,1867,1867,,0,,
240052710,842ba51ffffffff,4,hex,,own place,2494235,,,,,,1867,1867,1923,0,,
240052712,842ba55ffffffff,4,hex,,own place,2494240,,,,,,1867,1867,1885,0,,
240052713,842ba57ffffffff,4,hex,,own place,2494068,,,,,,1867,1867,1838,0,,
240052724,842ba81ffffffff,4,hex,,own place,2441038,,,,,,1867,1867,1855,0,,
240052726,842ba85ffffffff,4,hex,,own place,2440043,,,,,,1867,1867,1803,0,,
240052727,842ba87ffffffff,4,hex,,own place,2443027,,,,,,1867,1867,1793,0,,
240052728,842ba89ffffffff,4,hex,,own place,2429030,,,,,,1867,1867,1855,0,,
240052729,842ba8bffffffff,4,hex,,own place,2430030,,,,,,1867,1867,1876,0,,
240052730,842ba8dffffffff,4,hex,,own place,2431015,,,,,,1867,1867,1835,0,,
240052739,842baa3ffffffff,4,hex,,own place,2446080,,,,,,1867,1867,1845,0,,
240052741,842baa7ffffffff,4,hex,,own place,2456083,,,,,,1867,1867,1667,0,,
240052742,842baa9ffffffff,4,hex,,own place,2449058,,,,,,1867,1867,1815,0,,
240052743,842baabffffffff,4,hex,,own place,2447017,,,,,,1867,1867,1845,0,,
240052744,842baadffffffff,4,hex,,own place,2453052,,,,,,1867,1867,1672,0,,
240052751,842babdffffffff,4,hex,,own place,2446058,,,,,,1867,1867,1855,0,,
240052752,842bac1ffffffff,4,hex,,own place,2427043,,,,,,1867,1867,1855,0,,
240052753,842bac3ffffffff,4,hex,,own place,2429073,,,,,,1867,1867,1855,0,,
240052755,842bac7ffffffff,4,hex,,own place,2431084,,,,,,1867,1867,1835,0,,
240052756,842bac9ffffffff,4,hex,,own place,2418015,,,,,,1867,1867,1862,0,,
240052758,842bacdffffffff,4,hex,,own place,2418050,,,,,,1867,1867,1680,0,,
240052766,842bae1ffffffff,4,hex,,own place,2438010,,,,,,1867,1867,1666,0,,
240052767,842bae3ffffffff,4,hex,,own place,2439062,,,,,,1867,1867,1855,0,,
240052768,842bae5ffffffff,4,hex,,own place,2436033,,,,,,1867,1867,1854,0,,
240052769,842bae7ffffffff,4,hex,,own place,2437067,,,,,,1867,1867,1634,0,,
240052770,842bae9ffffffff,4,hex,,own place,2434017,,,,,,1867,1867,1679,0,,
240052771,842baebffffffff,4,hex,,own place,2432040,,,,,,1867,1867,1855,0,,
240052772,842baedffffffff,4,hex,,own place,2435027,,,,,,1867,1867,1833,0,,
240052790,842bb27ffffffff,4,hex,,own place,2487090,,,,,,1918,1870,1918,1,,
240052794,842bb31ffffffff,4,hex,,own place,2488022,,,,,,1918,1870,1918,1,,
240052796,842bb35ffffffff,4,hex,,own place,2488090,,,,,,1918,1870,1918,1,,
240052797,842bb37ffffffff,4,hex,,own place,2489015,,,,,,1939,1870,1939,0,,1939
241367539,852b83b3fffffff,5,core,842b83bffffffff,its own largest place,2481017,Gatineau,2481017,,,,1867,1867,1800,0,,
241367541,852b83bbfffffff,5,city,842b83bffffffff,"a neighbouring municipality, with a compass word",2481017,Gatineau,2482030,West,241367539,,1867,1867,1800,0,,
241369166,852baa03fffffff,5,city,842baa1ffffffff,its own largest place,2457040,Beloeil,2457033,,,,1867,1867,,0,,
241369168,852baa0bfffffff,5,core,842baa1ffffffff,its own largest place,2458227,Longueuil,2458227,,,,1867,1867,1657,0,,
241369169,852baa0ffffffff,5,city,842baa1ffffffff,its own largest place,2457005,Chambly,2456083,,,,1867,1867,,0,,
241369170,852baa13fffffff,5,city,842baa1ffffffff,its own largest place,2454048,Saint-Hyacinthe,2454035,,,,1867,1867,,0,,
241369172,852baa1bfffffff,5,city,842baa1ffffffff,its own largest place,2459010,Sainte-Julie,2457050,,,,1867,1867,,0,,
241369180,852baa43fffffff,5,city,842baa5ffffffff,the mesh's municipality,2465005,Laval,2465005,,,,1867,1867,,0,,
241369181,852baa47fffffff,5,core,842baa5ffffffff,the mesh's municipality,2466023,Montréal,2466023,,,,1867,1867,1642,0,,
241369182,852baa4bfffffff,5,city,842baa5ffffffff,its own largest place,2473015,Blainville,2474005,,,,1867,1867,,0,,
241369183,852baa4ffffffff,5,city,842baa5ffffffff,"the mesh's municipality, with a compass word",2466023,Montréal,2466023,West,241369181,,1867,1867,1642,0,1832,
241369184,852baa53fffffff,5,city,842baa5ffffffff,its own largest place,2464008,Terrebonne,2464015,,,,1867,1867,,0,,
241369185,852baa57fffffff,5,city,842baa5ffffffff,"the mesh's municipality, with a compass word",2466023,Montréal,2466023,North-East,241369181,,1867,1867,1642,0,1832,
241369186,852baa5bfffffff,5,city,842baa5ffffffff,its own largest place,2475028,Sainte-Sophie,2473035,,,,1867,1867,,0,,
241369278,852bac43fffffff,5,city,842bac5ffffffff,the mesh's municipality,2425213,Lévis,2425213,,,,1867,1867,,0,,
241369282,852bac53fffffff,5,city,842bac5ffffffff,"a neighbouring municipality, with a compass word",2423027,Québec,2425213,East,241369284,,1867,1867,1608,0,1833,
241369284,852bac5bfffffff,5,core,842bac5ffffffff,the mesh's municipality,2423027,Québec,2423027,,,,1867,1867,1608,0,,
350017894,840ec95ffffffff,4,hex,,borrowed,3556031,,,,,840ec97ffffffff,1908,1870,1908,1,,
350017912,840ecbdffffffff,4,hex,,own place,3556066,,,,,,1911,1870,1911,1,,
350047001,8427017ffffffff,4,hex,,own place,3560010,,,,,,1882,1870,1882,1,,
350047046,842708dffffffff,4,hex,,own place,3559012,,,,,,1899,1870,1899,1,,
350047072,84270c9ffffffff,4,hex,,own place,3560027,,,,,,1895,1870,1895,1,,
350047556,842763bffffffff,4,hex,,own place,3557061,,,,,,1867,1867,1688,0,,
350047586,8427691ffffffff,4,hex,,own place,3541015,,,,,,1867,1867,,0,,
350047587,8427693ffffffff,4,hex,,own place,3540028,,,,,,1867,1867,1827,0,,
350047590,8427699ffffffff,4,hex,,own place,3541045,,,,,,1867,1867,1848,0,,
350047591,842769bffffffff,4,hex,,own place,3542029,,,,,,1867,1867,1848,0,,
350047607,84276c1ffffffff,4,hex,,own place,3551026,,,,,,1867,1867,1884,0,,
350047611,84276c9ffffffff,4,hex,,own place,3552026,,,,,,1867,1867,,0,,
350047613,84276cdffffffff,4,hex,,own place,3557041,,,,,,1955,1867,,0,,1955
350047615,84276d3ffffffff,4,hex,,own place,3542059,,,,,,1867,1867,1857,0,,
350047630,8427705ffffffff,4,hex,,own place,3558001,,,,,,1867,1867,,0,,
350047634,842770dffffffff,4,hex,,own place,3558004,,,,,,1867,1867,1683,0,,
350051403,842ab05ffffffff,4,hex,,own place,3536020,,,,,,1867,1867,,0,,
350051405,842ab09ffffffff,4,hex,,borrowed,3532004,,,,,842ab43ffffffff,1867,1867,,0,,
350051407,842ab0dffffffff,4,hex,,own place,3539002,,,,,,1867,1867,1851,0,,
350051415,842ab21ffffffff,4,hex,,own place,3537039,,,,,,1867,1867,1749,0,,
350051419,842ab29ffffffff,4,hex,,own place,3537064,,,,,,1867,1867,,0,,
350051420,842ab2bffffffff,4,hex,,own place,3537003,,,,,,1867,1867,,0,,
350051421,842ab2dffffffff,4,hex,,borrowed,3537034,,,,,842ab21ffffffff,1867,1867,,0,,
350051429,842ab41ffffffff,4,hex,,own place,3532042,,,,,,1867,1867,1844,0,,
350051430,842ab43ffffffff,4,hex,,own place,3528052,,,,,,1867,1867,1792,0,,
350051431,842ab45ffffffff,4,hex,,own place,3540005,,,,,,1867,1867,,0,,
350051434,842ab4bffffffff,4,hex,,own place,3529006,,,,,,1867,1867,1793,0,,
350051435,842ab4dffffffff,4,hex,,own place,3531040,,,,,,1867,1867,,0,,
350051442,842ab5dffffffff,4,hex,,borrowed,3528018,,,,,852b9b6ffffffff,1867,1867,,0,,
350051443,842ab61ffffffff,4,hex,,own place,3538030,,,,,,1867,1867,1878,0,,
350051444,842ab63ffffffff,4,hex,,own place,3538019,,,,,,1867,1867,1865,0,,
350051447,842ab69ffffffff,4,hex,,borrowed,3531025,,,,,842ab45ffffffff,1867,1867,,0,,
350051448,842ab6bffffffff,4,hex,,own place,3538040,,,,,,1867,1867,,0,,
350052486,842b811ffffffff,4,hex,,own place,3502008,,,,,,1867,1867,1792,0,,
350052487,842b813ffffffff,4,hex,,own place,3501012,,,,,,1867,1867,1784,0,,
350052489,842b817ffffffff,4,hex,,own place,3502044,,,,,,1867,1867,1844,0,,
350052496,842b827ffffffff,4,hex,,own place,3547090,,,,,,1867,1867,,0,,
350052500,842b831ffffffff,4,hex,,own place,3509030,,,,,,1867,1867,1848,0,,
350052501,842b833ffffffff,4,hex,,own place,3509028,,,,,,1867,1867,1816,0,,
350052502,842b835ffffffff,4,hex,,own place,2484020,,,,,,1867,1867,1844,0,,
350052570,842b8e1ffffffff,4,hex,,own place,3507015,,,,,,1867,1867,1784,0,,
350052572,842b8e5ffffffff,4,hex,,own place,3507040,,,,,,1867,1867,,0,,
350052573,842b8e7ffffffff,4,hex,,own place,3507024,,,,,,1867,1867,1789,0,,
350052574,842b8e9ffffffff,4,hex,,own place,3501020,,,,,,1867,1867,1785,0,,
350052576,842b8edffffffff,4,hex,,own place,3507052,,,,,,1867,1867,1794,0,,
350052581,842b909ffffffff,4,hex,,own place,3554020,,,,,,1867,1867,1888,0,,
350052584,842b911ffffffff,4,hex,,own place,3548021,,,,,,1867,1867,1882,0,,
350052586,842b915ffffffff,4,hex,,own place,3548044,,,,,,1867,1867,1891,0,,
350052587,842b917ffffffff,4,hex,,own place,3549056,,,,,,1867,1867,1862,0,,
350052592,842b923ffffffff,4,hex,,borrowed,3552023,,,,,84276c9ffffffff,1867,1867,,0,,
350052600,842b935ffffffff,4,hex,,borrowed,3552001,,,,,842b931ffffffff,1867,1867,,0,,
350052602,842b939ffffffff,4,hex,,own place,3548055,,,,,,1867,1867,,0,,
350052604,842b93dffffffff,4,hex,,own place,3553005,,,,,,1883,1867,1893,0,,1883
350052607,842b945ffffffff,4,hex,,own place,3554068,,,,,,1919,1870,1919,1,,
350052608,842b947ffffffff,4,hex,,own place,3554052,,,,,,1867,1867,1909,0,,
350052625,842b96dffffffff,4,hex,,own place,3556027,,,,,,1912,1870,1912,1,,
350052626,842b981ffffffff,4,hex,,own place,3516010,,,,,,1867,1867,1817,0,,
350052627,842b983ffffffff,4,hex,,own place,3518017,,,,,,1867,1867,,0,,
350052628,842b985ffffffff,4,hex,,own place,3519070,,,,,,1867,1867,1867,0,,
350052630,842b989ffffffff,4,hex,,own place,3515044,,,,,,1867,1867,,0,,
350052631,842b98bffffffff,4,hex,,own place,3515014,,,,,,1867,1867,1791,0,,
350052632,842b98dffffffff,4,hex,,own place,3546015,,,,,,1867,1867,,0,,
350052639,842b99dffffffff,4,hex,,own place,3514021,,,,,,1867,1867,1798,0,,
350052640,842b9a1ffffffff,4,hex,,own place,3522021,,,,,,1867,1867,1818,0,,
350052641,842b9a3ffffffff,4,hex,,own place,3521024,,,,,,1867,1867,1820,0,,
350052642,842b9a5ffffffff,4,hex,,own place,3542004,,,,,,1867,1867,,0,,
350052643,842b9a7ffffffff,4,hex,,own place,3523043,,,,,,1867,1867,,0,,
350052644,842b9a9ffffffff,4,hex,,own place,3543064,,,,,,1867,1867,,0,,
350052645,842b9abffffffff,4,hex,,own place,3543042,,,,,,1867,1867,1801,0,,
350052646,842b9adffffffff,4,hex,,own place,3543031,,,,,,1867,1867,,0,,
350052647,842b9b1ffffffff,4,hex,,own place,3526053,,,,,,1867,1867,1781,0,,
350052648,842b9b3ffffffff,4,hex,,own place,3526043,,,,,,1867,1867,1788,0,,
350052651,842b9b9ffffffff,4,hex,,borrowed,3518009,,,,,852b9867fffffff,1867,1867,,0,,
350052655,842b9c3ffffffff,4,hex,,own place,3512061,,,,,,1867,1867,1852,0,,
350052657,842b9c7ffffffff,4,hex,,own place,3546024,,,,,,1867,1867,,0,,
350052658,842b9c9ffffffff,4,hex,,own place,3547030,,,,,,1867,1867,,0,,
350052661,842b9d1ffffffff,4,hex,,own place,3511030,,,,,,1867,1867,,0,,
350052662,842b9d3ffffffff,4,hex,,own place,3511015,,,,,,1867,1867,1784,0,,
350052663,842b9d5ffffffff,4,hex,,own place,3515030,,,,,,1867,1867,1823,0,,
350052664,842b9d7ffffffff,4,hex,,own place,3512005,,,,,,1867,1867,1789,0,,
350052665,842b9d9ffffffff,4,hex,,own place,3507033,,,,,,1867,1867,,0,,
350052666,842b9dbffffffff,4,hex,,own place,3510010,,,,,,1867,1867,1673,0,,
350052668,842b9e1ffffffff,4,hex,,own place,3544053,,,,,,1867,1867,,0,,
350052669,842b9e3ffffffff,4,hex,,own place,3544002,,,,,,1867,1867,,0,,
350052670,842b9e5ffffffff,4,hex,,own place,3549032,,,,,,1867,1867,,0,,
350052671,842b9e7ffffffff,4,hex,,own place,3543074,,,,,,1867,1867,1890,0,,
350052672,842b9e9ffffffff,4,hex,,own place,3549018,,,,,,1867,1867,1880,0,,
350052673,842b9ebffffffff,4,hex,,own place,3544042,,,,,,1867,1867,1869,0,,
350052674,842b9edffffffff,4,hex,,own place,3549043,,,,,,1867,1867,,0,,
351360024,852ab463fffffff,5,core,842ab47ffffffff,the mesh's municipality,3539036,London,3539036,,,,1867,1867,,0,,
351360025,852ab467fffffff,5,city,842ab47ffffffff,its own largest place,3534021,St. Thomas,3534020,,,,1867,1867,1810,0,,
351360028,852ab473fffffff,5,city,842ab47ffffffff,its own largest place,3539027,Thames Centre,3539027,,,,1867,1867,,0,,
351360030,852ab47bfffffff,5,city,842ab47ffffffff,its own largest place,3539033,Middlesex Centre,3539033,,,,1867,1867,,0,,
351360031,852ab483fffffff,5,city,842ab49ffffffff,its own largest place,3530016,Waterloo,3530035,,,,1867,1867,,0,,
351360032,852ab487fffffff,5,city,842ab49ffffffff,its own largest place,3530010,Cambridge,3530010,,,,1867,1867,,0,,
351360034,852ab48ffffffff,5,core,842ab49ffffffff,its own largest place,3530013,Kitchener,3530020,,,,1867,1867,,0,,
351360035,852ab493fffffff,5,city,842ab49ffffffff,the mesh's municipality,3523025,Centre Wellington,3523025,,,,1867,1867,,0,,
351360036,852ab497fffffff,5,city,842ab49ffffffff,its own largest place,3523008,Guelph,3523009,,,,1867,1867,,0,,
351367535,852b83a3fffffff,5,city,842b83bffffffff,the mesh's municipality,3506008,Ottawa,3506008,,,,1867,1867,,0,1855,
351367536,852b83a7fffffff,5,city,842b83bffffffff,"the mesh's municipality, with a compass word",3506008,Ottawa,3506008,South-East,351367535,,1867,1867,,0,1855,
351367537,852b83abfffffff,5,city,842b83bffffffff,"the mesh's municipality, with a compass word",3506008,Ottawa,3506008,West,351367535,,1867,1867,,0,1855,
351367538,852b83affffffff,5,city,842b83bffffffff,"the mesh's municipality, with a compass word",3506008,Ottawa,3506008,South-West,351367535,,1867,1867,,0,1855,
351367540,852b83b7fffffff,5,city,842b83bffffffff,"the mesh's municipality, with a compass word",3506008,Ottawa,3506008,East,351367535,,1867,1867,,0,1855,
351368404,852b9867fffffff,5,core,842b987ffffffff,its own largest place,3518013,Oshawa,3518009,,,,1867,1867,,0,,
351368405,852b986bfffffff,5,city,842b987ffffffff,its own largest place,3519044,Whitchurch-Stouffville,3519044,,,,1867,1867,1792,0,,
351368406,852b986ffffffff,5,city,842b987ffffffff,its own largest place,3518001,Pickering,3518001,,,,1867,1867,,0,,
351368543,852b9b43fffffff,5,city,842b9b5ffffffff,the mesh's municipality,3524009,Milton,3524009,,,,1867,1867,1818,0,,
351368544,852b9b47fffffff,5,city,842b9b5ffffffff,its own largest place,3524002,Burlington,3524002,,,,1867,1867,,0,,
351368546,852b9b4ffffffff,5,city,842b9b5ffffffff,the mesh's municipality,3525005,Hamilton,3525005,,,,1867,1867,,0,1846,
351368547,852b9b53fffffff,5,core,842b9b5ffffffff,"a neighbouring municipality, with a compass word",3521005,Mississauga,3524015,West,351368574,,1867,1867,,0,,
351368548,852b9b57fffffff,5,city,842b9b5ffffffff,its own largest place,3524001,Oakville,3524001,,,,1867,1867,,0,,
351368554,852b9b73fffffff,5,city,842b9b7ffffffff,its own largest place,3526065,Grimsby,3526065,,,,1867,1867,,0,,
351368556,852b9b7bfffffff,5,core,842b9b7ffffffff,"the mesh's municipality, with a compass word",3525005,Hamilton,3525005,South-East,351368546,,1867,1867,,0,,
351368571,852b9bc3fffffff,5,city,842b9bdffffffff,the mesh's municipality,3520005,Toronto,3520005,,,,1867,1867,1750,0,1834,
351368572,852b9bc7fffffff,5,city,842b9bdffffffff,"the mesh's municipality, with a compass word",3520005,Toronto,3520005,South-East,351368571,,1867,1867,1750,0,1834,
351368573,852b9bcbfffffff,5,city,842b9bdffffffff,the mesh's municipality,3521010,Brampton,3521010,,,,1867,1867,,0,,
351368574,852b9bcffffffff,5,city,842b9bdffffffff,the mesh's municipality,3521005,Mississauga,3521005,,,,1867,1867,,0,,
351368575,852b9bd3fffffff,5,city,842b9bdffffffff,its own largest place,3519036,Markham,3519038,,,,1867,1867,,0,,
351368576,852b9bd7fffffff,5,core,842b9bdffffffff,"the mesh's municipality, with a compass word",3520005,Toronto,3520005,East,351368571,,1867,1867,1750,0,,
351368577,852b9bdbfffffff,5,city,842b9bdffffffff,the mesh's municipality,3519028,Vaughan,3519028,,,,1867,1867,,0,,
460017654,840e9a1ffffffff,4,hex,,own place,4622026,,,,,,1956,1870,,0,,1956
460022009,8412493ffffffff,4,hex,,own place,4620048,,,,,,1901,1870,1901,1,,
460022041,84124dbffffffff,4,hex,,own place,4621045,,,,,,1870,1870,,0,,
460047005,8427021ffffffff,4,hex,,own place,4614042,,,,,,1919,1870,1919,1,,
460047006,8427023ffffffff,4,hex,,own place,4613047,,,,,,1878,1870,1878,1,,
460047008,8427027ffffffff,4,hex,,own place,4614031,,,,,,1870,1870,,0,,
460047009,8427029ffffffff,4,hex,,own place,4618074,,,,,,1875,1870,1875,1,,
460047010,842702bffffffff,4,hex,,own place,4618034,,,,,,1870,1870,,0,,
460047014,8427035ffffffff,4,hex,,own place,4602061,,,,,,1870,1870,,0,,
460047015,8427037ffffffff,4,hex,,own place,4602053,,,,,,1870,1870,,0,,
460047018,842703dffffffff,4,hex,,own place,4612056,,,,,,1874,1870,1874,1,,
460047036,8427067ffffffff,4,hex,,borrowed,4618031,,,,,8427029ffffffff,1870,1870,,0,,
460047093,8427109ffffffff,4,hex,,own place,4617050,,,,,,1897,1870,1897,1,,
460047097,8427113ffffffff,4,hex,,own place,4608032,,,,,,1870,1870,,0,,
460047098,8427115ffffffff,4,hex,,own place,4615020,,,,,,1883,1870,1883,1,,
460047101,842711bffffffff,4,hex,,own place,4609029,,,,,,1870,1870,1738,1,,
460047110,8427131ffffffff,4,hex,,own place,4607052,,,,,,1883,1870,1883,1,,
460047114,8427139ffffffff,4,hex,,own place,4615032,,,,,,1870,1870,,0,,
460047115,842713bffffffff,4,hex,,own place,4607062,,,,,,1882,1870,1882,1,,
460047116,842713dffffffff,4,hex,,own place,4606034,,,,,,1870,1870,,0,,
460047166,84271c1ffffffff,4,hex,,own place,4603067,,,,,,1870,1870,,0,,
460047168,84271c5ffffffff,4,hex,,own place,4603074,,,,,,1870,1870,1870,1,,
460047169,84271c7ffffffff,4,hex,,own place,4603050,,,,,,1882,1870,1882,1,,
460047171,84271cbffffffff,4,hex,,own place,4602044,,,,,,1874,1870,1874,1,,
460047172,84271cdffffffff,4,hex,,own place,4610043,,,,,,1870,1870,,0,,
460047232,8427267ffffffff,4,hex,,borrowed,4623022,,,,,840e9d1ffffffff,1870,1870,,0,,
461330190,85271c83fffffff,5,city,84271c9ffffffff,"a neighbouring municipality, with a compass word",4611040,Winnipeg,4610035,West,461330195,,1873,1870,1738,1,1873,
461330194,85271c93fffffff,5,city,84271c9ffffffff,"a neighbouring municipality, with a compass word",4611040,Winnipeg,4614015,North-West,461330195,,1873,1870,1738,1,1873,
461330195,85271c97fffffff,5,core,84271c9ffffffff,the mesh's municipality,4611040,Winnipeg,4611040,,,,1870,1870,1738,1,,
470022003,8412485ffffffff,4,hex,,own place,4714076,,,,,,1910,1870,1910,1,,
470022015,84124a1ffffffff,4,hex,,own place,4714051,,,,,,1892,1870,1892,1,,
470022018,84124a7ffffffff,4,hex,,own place,4715008,,,,,,1875,1870,1875,1,,
470022021,84124adffffffff,4,hex,,own place,4715068,,,,,,1870,1870,,0,,
470022099,8412581ffffffff,4,hex,,own place,4716029,,,,,,1877,1870,1877,1,,
470022106,8412591ffffffff,4,hex,,own place,4711066,,,,,,1882,1870,1882,1,,
470022109,8412597ffffffff,4,hex,,own place,4711063,,,,,,1894,1870,1894,1,,
470022110,8412599ffffffff,4,hex,,own place,4715032,,,,,,1887,1870,1887,1,,
470022112,841259dffffffff,4,hex,,own place,4715028,,,,,,1901,1870,1901,1,,
470022133,84125cdffffffff,4,hex,,own place,4717052,,,,,,1931,1870,1931,0,,1931
470022135,84125d3ffffffff,4,hex,,own place,4715059,,,,,,1888,1870,1888,1,,
470022139,84125dbffffffff,4,hex,,own place,4715066,,,,,,1870,1870,1866,1,,
470047133,8427165ffffffff,4,hex,,own place,4709032,,,,,,1885,1870,1885,1,,
470047134,8427167ffffffff,4,hex,,own place,4709012,,,,,,1894,1870,1894,1,,
470047873,8427a01ffffffff,4,hex,,own place,4706056,,,,,,1881,1870,1881,1,,
470047874,8427a03ffffffff,4,hex,,own place,4706027,,,,,,1882,1870,1882,1,,
470047875,8427a05ffffffff,4,hex,,own place,4707039,,,,,,1903,1870,1903,1,,
470047878,8427a0bffffffff,4,hex,,own place,4706030,,,,,,1882,1870,1882,1,,
470047883,8427a17ffffffff,4,hex,,own place,4702047,,,,,,1894,1870,1894,1,,
470047911,8427a57ffffffff,4,hex,,own place,4706051,,,,,,1880,1870,1880,1,,
470047913,8427a5bffffffff,4,hex,,own place,4705074,,,,,,1908,1870,1908,1,,
470047952,8427ac5ffffffff,4,hex,,own place,4701024,,,,,,1890,1870,1890,1,,
470048003,8427b49ffffffff,4,hex,,own place,4713008,,,,,,1910,1870,1910,1,,
470048007,8427b53ffffffff,4,hex,,own place,4708004,,,,,,1882,1870,1882,1,,
480021674,84120a5ffffffff,4,hex,,own place,4819038,,,,,,1919,1870,1919,1,,
480021688,84120c5ffffffff,4,hex,,borrowed,4817093,,,,,8412011ffffffff,1870,1870,,0,,
480021759,8412187ffffffff,4,hex,,own place,5955014,,,,,,1932,1870,1932,0,,1932
480021777,84121b1ffffffff,4,hex,,own place,4819009,,,,,,1928,1870,1928,1,,
480021782,84121bbffffffff,4,hex,,own place,4819012,,,,,,1914,1870,1914,1,,
480022052,8412505ffffffff,4,hex,,borrowed,4813053,,,,,8412529ffffffff,1870,1870,,0,,
480022059,8412515ffffffff,4,hex,,own place,4812002,,,,,,1870,1870,,0,,
480022067,8412527ffffffff,4,hex,,own place,4811065,,,,,,1870,1870,,0,,
480022070,841252dffffffff,4,hex,,own place,4813048,,,,,,1877,1870,1877,1,,
480022071,8412531ffffffff,4,hex,,own place,4812018,,,,,,1896,1870,1896,1,,
480022075,8412539ffffffff,4,hex,,own place,4812009,,,,,,1914,1870,1914,1,,
480022076,841253bffffffff,4,hex,,own place,4812016,,,,,,1870,1870,,0,,
480022082,8412549ffffffff,4,hex,,borrowed,4718074,,,,,8412733ffffffff,1870,1870,,0,,
480022143,84125e5ffffffff,4,hex,,own place,4810039,,,,,,1903,1870,1903,1,,
480022645,8412c11ffffffff,4,hex,,own place,4815023,,,,,,1870,1870,,0,,
480022650,8412c1bffffffff,4,hex,,own place,4806019,,,,,,1870,1870,,0,,
480022678,8412c5bffffffff,4,hex,,own place,4809015,,,,,,1870,1870,1799,1,,
480022687,8412c81ffffffff,4,hex,,own place,4803019,,,,,,1870,1870,,0,,
480022688,8412c83ffffffff,4,hex,,own place,4803004,,,,,,1870,1870,,0,,
480022689,8412c85ffffffff,4,hex,,own place,4803014,,,,,,1870,1870,,0,,
480022691,8412c89ffffffff,4,hex,,own place,4803022,,,,,,1870,1870,,0,,
480022692,8412c8bffffffff,4,hex,,own place,4802012,,,,,,1870,1870,,0,,
480022700,8412c9dffffffff,4,hex,,own place,4802008,,,,,,1899,1870,1899,1,,
480022715,8412cc1ffffffff,4,hex,,own place,4806012,,,,,,1870,1870,,0,,
480022717,8412cc5ffffffff,4,hex,,own place,4806011,,,,,,1870,1870,,0,,
480022719,8412cc9ffffffff,4,hex,,own place,4806017,,,,,,1883,1870,1883,1,,
480022724,8412cd5ffffffff,4,hex,,own place,4802018,,,,,,1870,1870,,0,,
480022725,8412cd7ffffffff,4,hex,,own place,4802022,,,,,,1870,1870,,0,,
480022726,8412cd9ffffffff,4,hex,,own place,4802034,,,,,,1870,1870,,0,,
480022730,8412ce3ffffffff,4,hex,,own place,4815007,,,,,,1870,1870,,0,,
480022835,8412e03ffffffff,4,hex,,own place,4813030,,,,,,1870,1870,,0,,
480022841,8412e11ffffffff,4,hex,,own place,4813014,,,,,,1870,1870,1944,0,,
480022842,8412e13ffffffff,4,hex,,own place,4811061,,,,,,1870,1870,1795,1,,
480022844,8412e17ffffffff,4,hex,,own place,4811038,,,,,,1913,1870,1913,1,,
480022845,8412e19ffffffff,4,hex,,own place,4813019,,,,,,1870,1870,,0,,
480022846,8412e1bffffffff,4,hex,,own place,4811068,,,,,,1882,1870,1882,1,,
480022851,8412e27ffffffff,4,hex,,own place,4814019,,,,,,1911,1870,1911,1,,
480022860,8412e3bffffffff,4,hex,,own place,4811031,,,,,,1870,1870,,0,,
480022861,8412e3dffffffff,4,hex,,own place,4814024,,,,,,1870,1870,,0,,
480022873,8412e59ffffffff,4,hex,,own place,4817029,,,,,,1870,1870,,0,,
480022883,8412e81ffffffff,4,hex,,own place,4807026,,,,,,1870,1870,,0,,
480022889,8412e8dffffffff,4,hex,,own place,4810002,,,,,,1870,1870,,0,,
480022897,8412ea1ffffffff,4,hex,,own place,4806034,,,,,,1870,1870,,0,,
480022898,8412ea3ffffffff,4,hex,,own place,4806022,,,,,,1908,1870,1908,1,,
480022899,8412ea5ffffffff,4,hex,,own place,4806036,,,,,,1870,1870,,0,,
480022901,8412ea9ffffffff,4,hex,,own place,4808011,,,,,,1882,1870,1882,1,,
480022902,8412eabffffffff,4,hex,,own place,4805048,,,,,,1870,1870,,0,,
480022903,8412eadffffffff,4,hex,,borrowed,4808008,,,,,8412ea9ffffffff,1870,1870,,0,,
480022910,8412ebdffffffff,4,hex,,own place,4805026,,,,,,1912,1870,1912,1,,
480022911,8412ec1ffffffff,4,hex,,own place,4810018,,,,,,1909,1870,1909,1,,
480022913,8412ec5ffffffff,4,hex,,own place,4811016,,,,,,1895,1870,1895,1,,
480022914,8412ec7ffffffff,4,hex,,own place,4810011,,,,,,1870,1870,1944,0,,
480022915,8412ec9ffffffff,4,hex,,own place,4810064,,,,,,1870,1870,1944,0,,
480022916,8412ecbffffffff,4,hex,,own place,4810028,,,,,,1906,1870,1906,1,,
480022918,8412ed1ffffffff,4,hex,,own place,4807054,,,,,,1870,1870,,0,,
480022922,8412ed9ffffffff,4,hex,,own place,4810042,,,,,,1902,1870,1902,1,,
480022925,8412ee1ffffffff,4,hex,,own place,4808044,,,,,,1870,1870,,0,,
480022926,8412ee3ffffffff,4,hex,,own place,4808031,,,,,,1870,1870,,0,,
480022928,8412ee7ffffffff,4,hex,,own place,4808012,,,,,,1898,1870,1898,1,,
480022929,8412ee9ffffffff,4,hex,,own place,4811019,,,,,,1870,1870,1949,0,,
480022930,8412eebffffffff,4,hex,,own place,4811002,,,,,,1892,1870,1892,1,,
480047989,8427b29ffffffff,4,hex,,own place,4801006,,,,,,1883,1870,1883,1,,
481159047,8512ccc3fffffff,5,city,8412ccdffffffff,"a neighbouring municipality, with a compass word",4806016,Calgary,4806001,South-West,481159052,,1894,1870,1875,1,1894,
481159048,8512ccc7fffffff,5,city,8412ccdffffffff,"a neighbouring municipality, with a compass word",4806016,Calgary,4806001,South,481159052,,1894,1870,1875,1,1894,
481159051,8512ccd3fffffff,5,city,8412ccdffffffff,"the mesh's municipality, with a compass word",4806016,Calgary,4806016,North-West,481159052,,1894,1870,1875,1,1894,
481159052,8512ccd7fffffff,5,core,8412ccdffffffff,the mesh's municipality,4806016,Calgary,4806016,,,,1875,1870,1875,1,,
481160300,8512ea63fffffff,5,city,8412ea7ffffffff,its own largest place,4806021,Airdrie,4806014,,,,1899,1870,1899,1,,
481160302,8512ea6bfffffff,5,city,8412ea7ffffffff,"a neighbouring municipality, with a compass word",4806016,Calgary,4806014,Outer North-West,481159052,,1894,1870,1875,1,1894,
481160303,8512ea6ffffffff,5,core,8412ea7ffffffff,"the mesh's municipality, with a compass word",4806016,Calgary,4806016,North,481159052,,1875,1870,1875,1,,
481160419,8512ecc3fffffff,5,city,8412ecdffffffff,the mesh's municipality,4811052,Strathcona County,4811052,,,,1870,1870,,0,,
481160421,8512eccbfffffff,5,core,8412ecdffffffff,"the mesh's municipality, with a compass word",4811061,Edmonton,4811061,East,480022842,,1870,1870,1795,1,,
481160422,8512eccffffffff,5,city,8412ecdffffffff,"the mesh's municipality, with a compass word",4811052,Strathcona County,4811052,South,481160419,,1870,1870,,0,,
481160425,8512ecdbfffffff,5,city,8412ecdffffffff,"a neighbouring municipality, with a compass word",4811061,Edmonton,4811059,North-East,480022842,,1904,1870,1795,1,1904,
590021775,84121abffffffff,4,hex,,borrowed,5955005,,,,,8412187ffffffff,1871,1871,,0,,
590021799,84121e3ffffffff,4,hex,,own place,5955034,,,,,,1947,1871,1947,0,,1947
590022301,841280dffffffff,4,hex,,own place,5949005,,,,,,1953,1871,,0,,1953
590022326,8412847ffffffff,4,hex,,own place,5949011,,,,,,1927,1871,1927,1,,
590022330,8412851ffffffff,4,hex,,own place,5951043,,,,,,1913,1871,1913,1,,
590022343,841286dffffffff,4,hex,,borrowed,5947012,,,,,8412865ffffffff,1871,1871,,0,,
590022356,841289bffffffff,4,hex,,own place,5941009,,,,,,1871,1871,,0,,
590022380,84128d3ffffffff,4,hex,,own place,5941013,,,,,,1871,1871,1861,1,,
590022562,8412ab3ffffffff,4,hex,,own place,5953023,,,,,,1871,1871,1807,1,,
590022563,8412ab5ffffffff,4,hex,,own place,5951007,,,,,,1926,1871,1926,1,,
590022641,8412c07ffffffff,4,hex,,own place,5939007,,,,,,1871,1871,,0,,
590022652,8412c21ffffffff,4,hex,,own place,5939019,,,,,,1880,1871,1880,1,,
590022664,8412c3bffffffff,4,hex,,own place,5901040,,,,,,1871,1871,,0,,
590022732,8412ce7ffffffff,4,hex,,own place,5901012,,,,,,1904,1871,1904,1,,
590022736,8412d01ffffffff,4,hex,,own place,5933042,,,,,,1871,1871,1811,1,,
590022737,8412d03ffffffff,4,hex,,borrowed,5937028,,,,,8412d11ffffffff,1871,1871,,0,,
590022741,8412d0bffffffff,4,hex,,own place,5933045,,,,,,1871,1871,,0,,
590022743,8412d11ffffffff,4,hex,,own place,5937014,,,,,,1892,1871,1892,1,,
590022746,8412d17ffffffff,4,hex,,own place,5935010,,,,,,1871,1871,1859,1,,
590022747,8412d19ffffffff,4,hex,,own place,5939032,,,,,,1871,1871,1866,1,,
590022749,8412d1dffffffff,4,hex,,borrowed,5937033,,,,,8412d19ffffffff,1871,1871,,0,,
590022758,8412d33ffffffff,4,hex,,borrowed,5907014,,,,,8412de5ffffffff,1871,1871,,0,,
590022762,8412d3bffffffff,4,hex,,own place,5935029,,,,,,1902,1871,1902,1,,
590022763,8412d3dffffffff,4,hex,,own place,5933006,,,,,,1893,1871,1893,1,,
590022764,8412d41ffffffff,4,hex,,own place,5941005,,,,,,1871,1871,,0,,
590022774,8412d57ffffffff,4,hex,,own place,5933054,,,,,,1871,1871,,0,,
590022789,8412d89ffffffff,4,hex,,own place,5903045,,,,,,1871,1871,1946,0,,
590022791,8412d8dffffffff,4,hex,,own place,5905014,,,,,,1871,1871,,0,,
590022814,8412dc3ffffffff,4,hex,,own place,5903015,,,,,,1897,1871,1897,1,,
590022816,8412dc7ffffffff,4,hex,,borrowed,5905023,,,,,8412d8dffffffff,1871,1871,,0,,
590022823,8412dd7ffffffff,4,hex,,own place,5903004,,,,,,1871,1871,,0,,
590022825,8412ddbffffffff,4,hex,,own place,5901022,,,,,,1898,1871,1898,1,,
590022828,8412de3ffffffff,4,hex,,own place,5905032,,,,,,1897,1871,1897,1,,
590022829,8412de5ffffffff,4,hex,,own place,5907005,,,,,,1871,1871,1946,0,,
590022833,8412dedffffffff,4,hex,,own place,5907041,,,,,,1908,1871,1908,1,,
590022980,8412f6dffffffff,4,hex,,borrowed,5951013,,,,,8412abdffffffff,1871,1871,,0,,
590049155,8428d13ffffffff,4,hex,,own place,5917010,,,,,,1871,1871,,0,,
590049157,8428d17ffffffff,4,hex,,own place,5915007,,,,,,1871,1871,,0,,
590049159,8428d1bffffffff,4,hex,,own place,5917034,,,,,,1871,1871,1840,1,,
590049168,8428d31ffffffff,4,hex,,own place,5909020,,,,,,1871,1871,,0,,
590049169,8428d33ffffffff,4,hex,,own place,5909027,,,,,,1871,1871,,0,,
590049171,8428d37ffffffff,4,hex,,own place,5909009,,,,,,1871,1871,1848,1,,
590049173,8428d3bffffffff,4,hex,,own place,5909052,,,,,,1892,1871,1892,1,,
590049196,8428d81ffffffff,4,hex,,own place,5927008,,,,,,1912,1871,1912,1,,
590049200,8428d89ffffffff,4,hex,,own place,5921023,,,,,,1871,1871,,0,,
590049201,8428d8bffffffff,4,hex,,own place,5926010,,,,,,1889,1871,1889,1,,
590049202,8428d8dffffffff,4,hex,,own place,5929011,,,,,,1871,1871,1862,1,,
590049209,8428d9dffffffff,4,hex,,own place,5924034,,,,,,1871,1871,1855,1,,
590049216,8428dadffffffff,4,hex,,own place,5931012,,,,,,1914,1871,1914,1,,
590049225,8428dc3ffffffff,4,hex,,own place,5923008,,,,,,1912,1871,1912,1,,
590049226,8428dc5ffffffff,4,hex,,own place,5919021,,,,,,1873,1871,1873,1,,
590049227,8428dc7ffffffff,4,hex,,own place,5921007,,,,,,1874,1871,1874,1,,
590049230,8428dcdffffffff,4,hex,,own place,5919012,,,,,,1871,1871,,0,,
590049233,8428dd5ffffffff,4,hex,,borrowed,5926005,,,,,8428d8bffffffff,1871,1871,,0,,
590049238,8428de1ffffffff,4,hex,,own place,5915051,,,,,,1891,1871,1891,1,,
590049239,8428de3ffffffff,4,hex,,borrowed,5915043,,,,,8428de1ffffffff,1871,1871,,0,,
590049241,8428de7ffffffff,4,hex,,own place,5931006,,,,,,1871,1871,,0,,
590049243,8428debffffffff,4,hex,,own place,5929005,,,,,,1886,1871,1886,1,,
591344694,8528de83fffffff,5,city,8428de9ffffffff,the mesh's municipality,5915015,Richmond,5915015,,,,1871,1871,,0,,
591344696,8528de8bfffffff,5,city,8428de9ffffffff,its own largest place,5915025,Burnaby,5915011,,,,1871,1871,,0,,
591344697,8528de8ffffffff,5,core,8428de9ffffffff,its own largest place,5915022,Vancouver,5915022,,,,1871,1871,,0,,
591344700,8528de9bfffffff,5,city,8428de9ffffffff,the mesh's municipality,5915011,Delta,5915011,,,,1871,1871,,0,,
591344708,8528dec3fffffff,5,city,8428dedffffffff,its own largest place,5915075,Maple Ridge,5915075,,,,1871,1871,,0,,
591344709,8528dec7fffffff,5,city,8428dedffffffff,its own largest place,5915034,Coquitlam,5915034,,,,1871,1871,,0,,
591344712,8528ded3fffffff,5,city,8428dedffffffff,the mesh's municipality,5915001,Langley,5915001,,,,1871,1871,,0,,
591344713,8528ded7fffffff,5,core,8428dedffffffff,the mesh's municipality,5915004,Surrey,5915004,,,,1871,1871,,0,,
591344714,8528dedbfffffff,5,city,8428dedffffffff,its own largest place,5909056,Mission,5909056,,,,1871,1871,1868,1,,
600023712,8413867ffffffff,4,hex,,own place,6001009,,,,,,1898,1870,1898,1,,
610023440,8413529ffffffff,4,hex,,own place,6106023,,,,,,1936,1870,1936,0,,1936
620018255,840f0bdffffffff,4,hex,,borrowed,6204003,,,,,840f0b1ffffffff,1880,1880,,0,,
