fed_id_a,fed_id_b,adjacency_type,length,hexes
10032095,10032097,land,1,2
10032095,10032098,land,1,2
10032095,10032126,land,2,3
10032095,10032142,land,2,3
10032097,10032098,land,1,2
10032097,10032114,land,1,2
10032097,10032142,land,3,4
10032097,10032229,land,3,4
10032098,10032114,land,1,2
10032114,10032229,water,3,4
10032126,10032142,land,1,2
10032142,10032229,land,4,5
10032142,10033425,land,3,4
10032142,10033426,land,2,3
10032142,10033427,land,4,5
10032229,10033427,land,5,6
10033423,10033425,land,2,3
10033423,10033427,land,2,3
10033423,10033429,land,2,3
10033423,10033436,land,3,4
10033423,10033568,land,13,14
10033425,10033426,land,1,2
10033425,10033427,land,1,2
10033425,10033429,land,1,2
10033427,10033436,land,4,5
10033436,10033438,land,1,2
10033438,10052022,land,1,2
10033568,24017415,land,10,11
11051797,11051798,land,1,2
11051797,11051799,land,1,2
11051797,11051830,land,1,2
11051797,13051793,land,1,2
11051798,11051828,water,2,3
11051798,11051830,land,1,2
11051798,12051794,land,1,2
11051798,12051806,water,1,2
11051798,13051793,land,1,2
11051799,13051793,land,1,2
11051799,13051795,water,1,2
11051799,13051835,water,2,3
11051828,11051830,land,1,2
11051828,12051804,land,2,3
11051828,12051806,land,2,3
11051828,12051829,land,2,3
11051828,12052080,water,3,4
11051828,24052012,water,3,2
12051794,12051802,land,1,2
12051794,12051806,land,1,2
12051794,12051819,land,2,3
12051794,13051793,land,1,2
12051794,13051796,land,1,2
12051794,13051820,land,2,3
12051800,12051801,land,1,2
12051800,12051802,land,1,2
12051800,12051803,land,1,2
12051800,12051804,land,1,2
12051800,12051806,land,1,2
12051800,12051876,land,2,3
12051801,12051803,land,1,2
12051801,12051872,land,1,2
12051801,12051876,land,1,2
12051801,12051888,land,1,2
12051802,12051803,land,1,2
12051802,12051806,land,1,2
12051802,12051819,land,1,2
12051803,12051819,land,1,2
12051803,12051888,land,1,2
12051803,12051890,land,1,2
12051804,12051806,land,1,2
12051804,12051829,land,1,2
12051804,12051876,land,3,4
12051804,12052058,land,2,3
12051815,12051819,land,1,2
12051815,12051884,land,2,3
12051815,12051887,land,2,3
12051815,12051890,land,1,2
12051815,12051979,land,1,2
12051815,13051816,water,2,3
12051819,12051890,land,1,2
12051819,13051816,land,2,3
12051819,13051820,land,2,3
12051829,12052058,land,1,2
12051829,12052080,water,3,4
12051829,12052083,water,2,3
12051856,12051858,land,1,2
12051856,12051884,land,3,4
12051856,12051887,land,2,3
12051856,12051976,land,2,3
12051858,12051951,land,1,2
12051858,12051976,land,1,2
12051872,12051876,land,1,2
12051872,12051888,land,1,2
12051876,12052058,land,3,4
12051884,12051887,land,1,2
12051884,12051888,land,1,2
12051884,12051890,land,1,2
12051887,12051975,land,2,3
12051887,12051976,land,2,3
12051887,12051979,land,2,3
12051888,12051890,land,1,2
12051951,12051975,water,2,3
12051951,12051976,land,1,2
12051975,12051976,land,1,2
12051975,12051979,land,1,2
12051975,13051969,water,3,4
12051979,13051816,water,2,3
12052058,12052081,land,2,3
12052058,12052083,land,1,2
12052068,12052084,land,1,2
12052068,12052085,land,1,2
12052080,12052081,land,1,2
12052080,12052083,land,1,2
12052080,12052084,land,1,2
12052080,12052085,land,1,2
12052081,12052083,land,1,2
12052081,12052085,land,1,2
12052084,12052085,land,1,2
13051793,13051795,water,1,2
13051793,13051796,land,1,2
13051795,13051796,land,1,2
13051795,13051811,land,1,2
13051795,13051812,land,1,2
13051795,13051835,land,2,3
13051795,13051838,land,2,3
13051796,13051812,land,1,2
13051796,13051820,land,1,2
13051808,13051810,land,1,2
13051808,13051811,land,2,3
13051808,13051812,land,1,2
13051808,13051813,land,2,3
13051808,13051816,land,1,2
13051808,13051820,land,1,2
13051808,13051972,land,1,2
13051810,13051813,land,2,3
13051810,13051898,land,3,4
13051810,13051903,land,1,2
13051810,13051972,land,1,2
13051810,13051974,land,1,2
13051811,13051812,land,1,2
13051811,13051813,land,1,2
13051811,13051838,land,1,2
13051812,13051820,land,1,2
13051813,13051837,land,2,3
13051813,13051838,land,1,2
13051813,13051898,land,3,4
13051813,13051904,land,3,4
13051813,13051930,land,2,3
13051816,13051820,land,1,2
13051816,13051972,land,1,2
13051816,13051973,land,1,2
13051835,13051837,land,1,2
13051835,13051838,land,1,2
13051835,13051841,land,1,2
13051837,13051838,land,1,2
13051837,13051841,land,1,2
13051837,13051930,land,1,2
13051837,13052109,land,1,2
13051841,13052109,land,1,2
13051841,24052096,water,2,3
13051891,13051892,land,1,2
13051891,13051904,land,2,3
13051891,13051932,land,3,4
13051891,24051893,land,1,2
13051891,24051919,land,3,4
13051891,24051920,land,2,3
13051891,24051934,land,2,3
13051891,24051938,land,2,3
13051892,13051898,water,2,3
13051892,13051904,land,1,2
13051898,13051899,land,1,2
13051898,13051901,land,1,2
13051898,13051903,land,1,2
13051898,13051904,land,1,2
13051899,13051901,land,1,2
13051899,13051903,land,1,2
13051899,13051969,land,3,4
13051899,13051971,land,2,3
13051899,13051974,land,1,2
13051903,13051974,land,1,2
13051904,13051930,land,3,4
13051904,13051932,land,3,4
13051930,13051932,land,1,2
13051930,13052109,land,1,2
13051930,24052111,land,1,2
13051932,24051920,land,1,2
13051932,24051924,land,1,2
13051932,24052111,land,1,2
13051969,13051971,land,1,2
13051969,13051972,land,2,3
13051969,13051973,land,1,2
13051969,13051974,land,2,3
13051972,13051973,land,1,2
13051972,13051974,land,1,2
13052109,24052088,land,3,4
13052109,24052096,land,2,3
13052109,24052108,land,1,2
13052109,24052111,land,1,2
24017206,24017209,land,1,2
24017206,24017235,land,2,3
24017206,24051921,water,2,3
24017206,24051925,water,2,3
24017206,24052104,water,2,3
24017209,24051921,water,2,3
24017209,24051933,land,2,3
24017209,24051937,water,1,2
24017209,24052679,land,6,7
24017209,24052710,land,4,5
24017235,24017239,land,1,2
24017239,24017415,land,6,7
24017319,24052675,land,5,6
24017319,24052679,land,5,6
24017319,24052681,land,4,5
24051893,24051905,land,2,3
24051893,24051909,land,1,2
24051893,24051934,land,1,2
24051905,24051907,water,1,2
24051905,24051908,land,1,2
24051905,24051909,land,1,2
24051905,24051911,land,1,2
24051905,24052756,land,2,3
24051907,24051908,land,1,2
24051907,24051911,land,1,2
24051907,24052680,land,3,4
24051907,24052683,land,2,3
24051907,24052710,land,2,3
24051907,24052713,land,2,3
24051907,24052758,land,2,3
24051908,24052756,land,1,2
24051908,24052758,land,1,2
24051909,24051911,land,1,2
24051909,24051934,land,1,2
24051909,24051936,land,1,2
24051911,24051933,land,3,4
24051911,24051936,land,1,2
24051911,24052710,land,2,3
24051919,24051920,land,1,2
24051919,24051921,land,1,2
24051919,24051924,land,1,2
24051919,24051925,land,1,2
24051919,24051938,land,2,3
24051919,24052104,land,2,3
24051920,24051924,land,1,2
24051921,24051925,land,1,2
24051921,24051937,land,1,2
24051921,24051938,land,1,2
24051924,24052104,land,3,4
24051924,24052108,land,2,3
24051924,24052111,land,1,2
24051925,24052104,land,1,2
24051933,24051934,land,1,2
24051933,24051936,land,1,2
24051933,24051937,land,1,2
24051933,24051938,land,1,2
24051933,24052710,land,3,4
24051934,24051936,land,1,2
24051934,24051938,land,1,2
24051937,24051938,land,1,2
24052088,24052096,land,1,2
24052088,24052104,land,4,5
24052088,24052108,land,2,3
24052104,24052108,land,3,4
24052108,24052111,land,1,2
24052479,24052482,land,1,2
24052479,24052483,land,1,2
24052479,24052484,land,1,2
24052479,24052488,land,2,3
24052479,24052492,land,2,3
24052479,24052494,land,4,5
24052479,24052504,land,2,3
24052479,24052794,land,6,7
24052479,24052797,land,6,7
24052482,24052494,land,2,3
24052482,24052504,land,1,2
24052482,24052506,land,1,2
24052483,24052484,land,1,2
24052483,24052514,land,2,3
24052483,24052517,land,2,3
24052483,24052701,land,5,6
24052483,24052794,land,6,7
24052484,24052492,land,1,2
24052484,24052517,land,1,2
24052488,24052492,land,1,2
24052488,24052504,land,1,2
24052488,35052486,land,1,2
24052488,35052489,land,1,2
24052488,35052505,land,1,2
24052490,24052491,land,1,2
24052490,24052492,land,1,2
24052490,24052515,land,1,2
24052490,24052517,land,1,2
24052490,24052740,land,1,2
24052490,35052486,land,1,2
24052491,24052562,land,1,2
24052491,24052740,land,1,2
24052491,24052741,land,1,2
24052491,35052486,land,1,2
24052491,35052487,land,1,2
24052492,24052517,land,1,2
24052492,35052486,land,1,2
24052494,24052506,land,1,2
24052494,24052797,land,5,6
24052494,35052496,land,1,2
24052494,35052502,land,1,2
24052494,35052658,land,1,2
24052504,24052506,land,1,2
24052504,35052500,land,1,2
24052504,35052505,land,1,2
24052506,35052500,land,1,2
24052506,35052502,land,1,2
24052514,24052515,land,1,2
24052514,24052517,land,1,2
24052514,24052519,land,1,2
24052514,24052701,land,3,4
24052514,24052768,land,2,3
24052515,24052517,land,1,2
24052515,24052519,land,1,2
24052515,24052740,land,1,2
24052515,24052744,land,1,2
24052519,24052744,land,1,2
24052519,24052768,land,1,2
24052519,24052769,land,1,2
24052562,24052739,land,2,3
24052562,24052741,land,1,2
24052562,35052487,land,1,2
24052605,24052790,land,2,3
24052605,24052796,land,2,3
24052605,24052797,land,2,3
24052605,35052581,land,2,3
24052605,35052607,land,1,2
24052605,35052608,land,1,2
24052675,24052679,land,1,2
24052675,24052680,land,1,2
24052675,24052681,land,1,2
24052675,24052701,land,3,4
24052679,24052680,land,1,2
24052679,24052681,land,1,2
24052679,24052710,land,3,4
24052679,24052712,land,1,2
24052680,24052683,land,3,4
24052680,24052701,land,3,4
24052680,24052712,land,1,2
24052680,24052713,land,1,2
24052683,24052701,land,2,3
24052683,24052754,land,1,2
24052683,24052758,land,1,2
24052683,24052770,land,1,2
24052683,24052772,land,2,3
24052701,24052768,land,2,3
24052701,24052772,land,1,2
24052710,24052712,land,1,2
24052710,24052713,land,1,2
24052712,24052713,land,1,2
24052724,24052726,land,1,2
24052724,24052727,land,1,2
24052724,24052728,land,1,2
24052724,24052729,land,1,2
24052724,24052730,land,1,2
24052726,24052727,land,1,2
24052726,24052730,land,1,2
24052726,24052742,land,1,2
24052726,24052743,land,1,2
24052726,24052767,land,1,2
24052727,24052743,land,1,2
24052727,24052751,land,1,2
24052728,24052729,land,1,2
24052728,24052730,land,1,2
24052728,24052753,land,1,2
24052728,24052755,land,1,2
24052730,24052755,land,1,2
24052730,24052767,land,1,2
24052730,24052771,land,1,2
24052738,24052739,land,1,2
24052738,24052740,land,1,2
24052738,24052741,land,1,2
24052738,24052742,land,1,2
24052738,24052743,land,1,2
24052738,24052744,land,1,2
24052739,24052741,land,1,2
24052739,24052743,land,1,2
24052739,24052751,land,1,2
24052740,24052741,land,1,2
24052740,24052744,land,1,2
24052742,24052743,land,1,2
24052742,24052744,land,1,2
24052742,24052767,land,1,2
24052742,24052769,land,1,2
24052743,24052751,land,1,2
24052744,24052769,land,1,2
24052752,24052753,land,1,2
24052752,24052754,land,1,2
24052752,24052755,land,1,2
24052752,24052756,land,1,2
24052752,24052758,land,1,2
24052753,24052755,land,1,2
24052754,24052755,land,1,2
24052754,24052758,land,1,2
24052754,24052770,land,1,2
24052754,24052771,land,1,2
24052755,24052771,land,1,2
24052756,24052758,land,1,2
24052766,24052767,land,1,2
24052766,24052768,land,1,2
24052766,24052769,land,1,2
24052766,24052770,land,1,2
24052766,24052771,land,1,2
24052766,24052772,land,1,2
24052767,24052769,land,1,2
24052767,24052771,land,1,2
24052768,24052769,land,1,2
24052768,24052772,land,1,2
24052770,24052771,land,1,2
24052770,24052772,land,1,2
24052790,24052794,land,3,4
24052790,24052796,land,2,3
24052790,35017894,land,3,4
24052790,35052607,land,3,4
24052794,24052796,land,1,2
24052794,24052797,land,1,2
24052796,24052797,land,1,2
24052797,35052496,land,5,6
24052797,35052581,land,3,4
35017894,35017912,land,2,3
35017894,35052607,land,3,4
35017894,35052625,land,2,3
35017912,35052625,land,3,4
35047001,35047046,land,3,4
35047001,35047072,land,3,4
35047001,46047009,land,5,6
35047001,46047010,land,4,5
35047001,46047014,land,3,4
35047001,46047015,land,3,4
35047001,46047018,land,3,4
35047046,35047072,land,3,4
35047046,35047630,land,7,8
35047556,35047607,land,4,5
35047556,35047613,land,3,4
35047556,35047634,land,11,12
35047586,35047587,land,1,2
35047586,35047590,land,1,2
35047586,35047591,land,1,2
35047587,35047591,land,1,2
35047587,35051431,land,1,2
35047587,35051435,land,1,2
35047587,35051447,land,1,2
35047590,35047591,land,1,2
35047590,35047615,land,1,2
35047590,35052642,land,1,2
35047591,35051435,land,1,2
35047591,35052642,land,1,2
35047591,35052643,land,1,2
35047607,35047611,land,1,2
35047607,35047613,land,1,2
35047607,35047615,land,5,6
35047607,35052600,land,2,3
35047607,35052670,water,4,5
35047611,35047613,land,1,2
35047611,35052592,land,1,2
35047611,35052600,land,1,2
35047611,35052625,land,6,7
35047615,35052642,land,1,2
35047615,35052646,land,1,2
35047615,35052670,water,2,3
35047615,35052671,land,2,3
35047630,35047634,land,1,2
35051403,35051407,land,1,2
35051403,35051419,land,1,2
35051403,35051420,land,1,2
35051403,35051444,land,1,2
35051405,35051407,land,1,2
35051405,35051430,land,1,2
35051405,35051432,land,1,2
35051407,35051432,land,1,2
35051407,35051444,land,1,2
35051407,35051448,land,1,2
35051415,35051419,land,1,2
35051415,35051420,land,1,2
35051415,35051421,land,1,2
35051419,35051420,land,1,2
35051419,35051421,water,1,2
35051419,35051443,water,2,3
35051419,35051444,land,1,2
35051421,35051443,water,2,3
35051429,35051430,land,1,2
35051429,35051431,land,1,2
35051429,35051432,land,1,2
35051429,35051433,land,1,2
35051429,35051434,land,1,2
35051429,35051435,land,1,2
35051430,35051432,land,1,2
35051430,35051434,land,1,2
35051430,35051442,land,1,2
35051431,35051432,land,1,2
35051431,35051435,land,1,2
35051431,35051447,land,1,2
35051431,35051448,land,1,2
35051432,35051448,land,1,2
35051433,35051434,land,1,2
35051433,35051435,land,1,2
35051433,35052641,land,1,2
35051433,35052643,land,1,2
35051433,35052649,land,1,2
35051434,35051442,land,1,2
35051434,35052649,land,1,2
35051434,35052650,land,1,2
35051435,35052643,land,1,2
35051442,35052648,water,2,3
35051442,35052650,land,1,2
35051443,35051444,land,1,2
35051443,35051447,water,1,2
35051443,35051448,land,1,2
35051444,35051448,land,1,2
35051447,35051448,land,1,2
35052486,35052487,land,1,2
35052486,35052489,land,1,2
35052487,35052489,land,1,2
35052487,35052574,land,1,2
35052489,35052505,land,1,2
35052489,35052574,land,1,2
35052489,35052576,land,1,2
35052496,35052581,land,5,6
35052496,35052584,land,2,3
35052496,35052655,land,3,4
35052496,35052657,land,3,4
35052496,35052658,land,1,2
35052500,35052501,land,1,2
35052500,35052502,land,1,2
35052500,35052505,land,1,2
35052500,35052655,land,3,4
35052500,35052665,land,2,3
35052501,35052505,land,1,2
35052501,35052572,land,1,2
35052501,35052576,land,1,2
35052501,35052665,land,1,2
35052502,35052655,land,2,3
35052502,35052658,land,1,2
35052505,35052576,land,1,2
35052570,35052572,land,1,2
35052570,35052573,water,1,2
35052570,35052574,water,1,2
35052570,35052576,land,1,2
35052572,35052573,land,1,2
35052572,35052576,land,1,2
35052572,35052665,land,1,2
35052572,35052666,land,1,2
35052573,35052666,land,1,2
35052574,35052576,land,1,2
35052581,35052584,land,3,4
35052581,35052586,land,3,4
35052581,35052592,land,4,5
35052581,35052602,land,3,4
35052581,35052607,land,3,4
35052581,35052608,land,1,2
35052581,35052625,land,4,5
35052584,35052586,land,1,2
35052584,35052587,land,1,2
35052584,35052657,land,3,4
35052584,35052672,land,2,3
35052586,35052587,land,1,2
35052586,35052600,land,3,4
35052586,35052602,land,1,2
35052586,35052670,land,3,4
35052586,35052674,land,2,3
35052587,35052672,land,1,2
35052587,35052674,land,1,2
35052592,35052600,land,1,2
35052592,35052602,land,3,4
35052592,35052604,land,1,2
35052592,35052625,land,5,6
35052600,35052602,land,2,3
35052600,35052604,land,1,2
35052600,35052670,land,3,4
35052602,35052604,land,1,2
35052607,35052608,land,1,2
35052607,35052625,land,2,3
35052626,35052627,land,1,2
35052626,35052628,land,1,2
35052626,35052629,land,1,2
35052626,35052630,land,1,2
35052626,35052631,land,1,2
35052626,35052632,land,1,2
35052627,35052629,land,1,2
35052627,35052631,land,1,2
35052627,35052639,land,1,2
35052627,35052651,land,1,2
35052628,35052629,land,1,2
35052628,35052632,land,1,2
35052628,35052644,land,1,2
35052628,35052645,land,1,2
35052628,35052669,land,1,2
35052629,35052645,land,1,2
35052629,35052651,land,1,2
35052629,35052653,land,1,2
35052630,35052631,land,1,2
35052630,35052632,land,1,2
35052630,35052655,land,1,2
35052630,35052657,land,1,2
35052630,35052663,land,1,2
35052631,35052639,land,1,2
35052631,35052663,land,1,2
35052631,35052664,land,1,2
35052632,35052657,land,1,2
35052632,35052669,land,1,2
35052632,35052673,land,1,2
35052639,35052662,water,2,3
35052639,35052664,land,1,2
35052640,35052641,land,1,2
35052640,35052642,land,1,2
35052640,35052643,land,1,2
35052640,35052644,land,1,2
35052640,35052645,land,1,2
35052640,35052646,land,1,2
35052641,35052643,land,1,2
35052641,35052645,land,1,2
35052641,35052649,land,1,2
35052641,35052653,land,1,2
35052642,35052643,land,1,2
35052642,35052646,land,1,2
35052644,35052645,land,1,2
35052644,35052646,land,1,2
35052644,35052669,land,1,2
35052644,35052671,land,1,2
35052645,35052653,land,1,2
35052646,35052671,water,1,2
35052647,35052648,land,1,2
35052647,35052649,water,1,2
35052647,35052650,land,1,2
35052647,35052651,water,1,2
35052647,35052653,water,1,2
35052648,35052650,land,1,2
35052649,35052650,land,1,2
35052649,35052653,land,1,2
35052651,35052653,land,1,2
35052655,35052657,land,1,2
35052655,35052658,land,2,3
35052655,35052661,land,2,3
35052655,35052663,land,1,2
35052655,35052665,land,2,3
35052657,35052672,land,2,3
35052657,35052673,land,1,2
35052661,35052662,land,1,2
35052661,35052663,land,1,2
35052661,35052664,land,1,2
35052661,35052665,land,1,2
35052661,35052666,land,1,2
35052662,35052664,land,1,2
35052662,35052666,land,1,2
35052663,35052664,land,1,2
35052665,35052666,land,1,2
35052668,35052669,land,1,2
35052668,35052670,land,1,2
35052668,35052671,land,1,2
35052668,35052672,land,1,2
35052668,35052673,land,1,2
35052668,35052674,land,1,2
35052669,35052671,land,1,2
35052669,35052673,land,1,2
35052670,35052671,land,1,2
35052670,35052674,land,1,2
35052672,35052673,land,1,2
35052672,35052674,land,1,2
46017654,46022041,land,7,8
46017654,46047232,land,6,7
46017654,62018255,land,61,62
46022009,46022041,land,4,5
46022009,46047093,land,3,4
46022009,47022003,land,5,6
46022009,47047133,land,3,4
46022009,47047134,land,4,5
46022041,47022003,land,5,6
46047005,46047006,land,1,2
46047005,46047008,land,1,2
46047005,46047009,land,1,2
46047005,46047010,land,1,2
46047005,46047036,land,2,3
46047005,46047093,land,5,6
46047005,46047101,land,2,3
46047006,46047008,land,1,2
46047006,46047010,land,1,2
46047006,46047014,land,1,2
46047006,46047018,land,1,2
46047006,46047170,land,1,2
46047008,46047101,land,1,2
46047008,46047170,land,1,2
46047008,46047172,land,1,2
46047009,46047010,land,1,2
46047009,46047036,land,1,2
46047010,46047018,land,1,2
46047014,46047015,land,1,2
46047014,46047018,land,1,2
46047014,46047170,land,1,2
46047014,46047171,land,1,2
46047015,46047166,land,3,4
46047015,46047171,land,1,2
46047036,46047093,land,4,5
46047093,46047098,land,3,4
46047093,46047101,land,4,5
46047093,46047114,land,3,4
46047093,46047116,land,4,5
46047093,47047134,land,3,4
46047097,46047098,land,2,3
46047097,46047101,land,1,2
46047097,46047110,land,5,6
46047097,46047115,land,2,3
46047097,46047168,land,1,2
46047097,46047172,land,1,2
46047098,46047101,land,3,4
46047098,46047114,land,1,2
46047098,46047115,land,1,2
46047101,46047172,land,1,2
46047110,46047114,land,1,2
46047110,46047115,land,1,2
46047110,46047116,land,1,2
46047110,47047952,land,4,5
46047114,46047115,land,1,2
46047114,46047116,land,1,2
46047116,47047134,land,3,4
46047116,47047883,land,5,6
46047116,47047952,land,4,5
46047166,46047168,land,1,2
46047166,46047169,land,1,2
46047166,46047170,land,1,2
46047166,46047171,land,1,2
46047166,46047172,land,1,2
46047168,46047169,land,1,2
46047168,46047172,land,1,2
46047170,46047171,land,1,2
46047170,46047172,land,1,2
47022003,47022015,land,2,3
47022003,47022021,land,2,3
47022003,47022139,land,4,5
47022003,47047133,land,5,6
47022015,47022018,land,1,2
47022015,47022021,land,1,2
47022015,47022110,land,2,3
47022015,47022135,land,2,3
47022015,47047133,land,5,6
47022018,47022106,land,2,3
47022018,47022109,land,4,5
47022018,47022110,land,2,3
47022018,47047133,land,5,6
47022018,47047873,land,5,6
47022021,47022135,land,1,2
47022021,47022139,land,1,2
47022099,47022106,land,3,4
47022099,47022109,land,4,5
47022099,47022110,land,3,4
47022099,47022112,land,2,3
47022099,47022133,land,4,5
47022099,47022135,land,4,5
47022099,47048003,land,4,5
47022099,48022143,land,4,5
47022106,47022109,land,1,2
47022106,47022110,land,1,2
47022106,47022112,land,1,2
47022109,47047873,land,4,5
47022109,47047875,land,4,5
47022109,47048003,land,4,5
47022109,47048007,land,4,5
47022110,47022112,land,1,2
47022110,47022135,land,1,2
47022133,47022135,land,5,6
47022133,47022139,land,5,6
47022133,48022059,land,3,4
47022133,48022076,land,4,5
47022133,48022143,land,4,5
47022135,47022139,land,1,2
47047133,47047134,land,1,2
47047133,47047873,land,5,6
47047133,47047878,land,4,5
47047133,47047911,land,3,4
47047133,47047913,land,1,2
47047134,47047883,land,5,6
47047134,47047911,land,3,4
47047134,47047913,land,1,2
47047873,47047874,land,1,2
47047873,47047875,land,1,2
47047873,47047878,land,1,2
47047874,47047878,land,1,2
47047874,47047883,land,2,3
47047874,47047911,land,2,3
47047875,47048007,land,3,4
47047878,47047911,land,1,2
47047883,47047911,land,3,4
47047883,47047952,land,2,3
47047911,47047913,land,2,3
47048003,47048007,land,4,5
47048003,48022143,land,5,6
47048003,48022726,land,6,7
47048003,48022883,land,6,7
47048003,48022918,land,4,5
47048003,48047989,land,5,6
47048007,48047989,land,5,6
48021674,48021688,land,5,6
48021674,48021759,land,4,5
48021674,48021782,land,4,5
48021674,48022873,land,5,6
48021688,61023440,land,11,12
48021759,48021777,land,2,3
48021759,48021782,land,2,3
48021759,59021775,land,1,2
48021759,59021799,land,2,3
48021777,48021782,land,1,2
48021777,48022851,land,6,7
48021777,59021775,land,3,4
48021777,59022980,land,6,7
48021782,48022835,land,6,7
48021782,48022851,land,6,7
48022052,48022059,land,3,4
48022052,48022067,land,3,4
48022052,48022070,land,2,3
48022052,48022071,land,3,4
48022052,48022075,land,2,3
48022052,48022082,land,4,5
48022052,48022873,land,4,5
48022059,48022075,land,1,2
48022059,48022076,land,1,2
48022059,48022082,land,6,7
48022067,48022070,land,2,3
48022067,48022071,land,3,4
48022067,48022845,land,2,3
48022067,48022846,land,1,2
48022067,48022915,land,1,2
48022067,48022917,land,1,2
48022070,48022845,land,2,3
48022070,48022873,land,2,3
48022071,48022075,land,1,2
48022071,48022076,land,1,2
48022071,48022143,land,2,3
48022071,48022915,land,2,3
48022071,48022916,land,2,3
48022071,48022922,land,2,3
48022075,48022076,land,1,2
48022076,48022143,land,2,3
48022082,48022873,land,6,7
48022143,48022918,land,2,3
48022143,48022922,land,1,2
48022645,48022650,land,1,2
48022645,48022678,land,3,4
48022645,48022717,land,2,3
48022645,48022721,land,2,3
48022645,48022899,land,2,3
48022645,59022641,land,3,4
48022645,59022664,land,2,3
48022650,48022721,land,1,2
48022650,48022899,land,1,2
48022650,48022900,land,1,2
48022678,48022844,land,3,4
48022678,48022851,land,5,6
48022678,48022860,land,3,4
48022678,48022861,land,4,5
48022678,48022899,land,2,3
48022678,48022903,land,1,2
48022678,48022925,land,2,3
48022678,48022928,land,1,2
48022678,59022641,land,5,6
48022687,48022688,land,1,2
48022687,48022689,land,1,2
48022687,48022691,land,1,2
48022687,48022692,land,1,2
48022687,48022717,land,3,4
48022687,48022730,land,2,3
48022688,48022692,land,1,2
48022688,48022700,land,1,2
48022689,48022730,land,1,2
48022689,59022732,land,2,3
48022691,48022692,land,1,2
48022691,48022715,land,2,3
48022691,48022717,land,2,3
48022691,48022724,land,1,2
48022692,48022700,land,1,2
48022692,48022724,land,1,2
48022692,48022725,land,1,2
48022700,48022725,land,1,2
48022700,48047989,land,4,5
48022715,48022717,land,1,2
48022715,48022719,land,1,2
48022715,48022721,land,1,2
48022715,48022724,land,3,4
48022715,48022726,land,3,4
48022717,48022721,land,1,2
48022717,48022730,land,2,3
48022717,59022664,land,3,4
48022719,48022721,land,1,2
48022719,48022726,land,3,4
48022719,48022898,land,1,2
48022719,48022900,land,1,2
48022719,48022910,land,2,3
48022721,48022900,land,1,2
48022724,48022725,land,1,2
48022724,48022726,land,2,3
48022725,48022726,land,3,4
48022725,48047989,land,3,4
48022726,48022883,land,5,6
48022726,48022910,land,3,4
48022726,48047989,land,3,4
48022730,59022664,land,3,4
48022730,59022732,land,1,2
48022835,48022841,land,2,3
48022835,48022844,land,2,3
48022835,48022845,land,2,3
48022835,48022851,land,5,6
48022835,48022860,land,2,3
48022835,48022861,land,2,3
48022835,48022873,land,4,5
48022841,48022842,land,1,2
48022841,48022844,land,1,2
48022841,48022845,land,1,2
48022841,48022846,land,1,2
48022842,48022844,land,1,2
48022842,48022846,land,1,2
48022842,48022913,land,1,2
48022842,48022917,land,1,2
48022842,48022929,land,1,2
48022844,48022860,land,1,2
48022844,48022925,land,2,3
48022844,48022929,land,1,2
48022845,48022846,land,1,2
48022845,48022873,land,3,4
48022846,48022917,land,1,2
48022851,48022861,land,2,3
48022851,59022641,land,6,7
48022860,48022861,land,2,3
48022883,48022889,land,1,2
48022883,48022901,land,2,3
48022883,48022902,land,2,3
48022883,48022910,land,2,3
48022883,48022911,land,3,4
48022883,48022914,land,2,3
48022883,48022918,land,3,4
48022883,48022926,land,2,3
48022889,48022914,land,1,2
48022889,48022926,land,1,2
48022889,48022930,land,1,2
48022897,48022898,land,1,2
48022897,48022899,land,1,2
48022897,48022900,land,1,2
48022897,48022901,land,1,2
48022897,48022902,land,1,2
48022897,48022903,land,1,2
48022898,48022900,land,1,2
48022898,48022902,land,1,2
48022898,48022910,land,1,2
48022899,48022900,land,1,2
48022899,48022903,land,1,2
48022901,48022902,land,1,2
48022901,48022903,land,1,2
48022901,48022926,land,1,2
48022901,48022928,land,1,2
48022902,48022910,land,1,2
48022903,48022928,land,1,2
48022911,48022913,land,1,2
48022911,48022914,land,1,2
48022911,48022915,land,1,2
48022911,48022916,land,1,2
48022911,48022917,land,1,2
48022911,48022918,land,3,4
48022913,48022914,land,1,2
48022913,48022917,land,1,2
48022913,48022929,land,1,2
48022913,48022930,land,1,2
48022914,48022930,land,1,2
48022915,48022916,land,1,2
48022915,48022917,land,1,2
48022916,48022918,land,2,3
48022916,48022922,land,2,3
48022918,48022922,land,1,2
48022925,48022926,land,1,2
48022925,48022928,land,1,2
48022925,48022929,land,1,2
48022925,48022930,land,1,2
48022926,48022928,land,1,2
48022926,48022930,land,1,2
48022929,48022930,land,1,2
59021775,59021799,land,2,3
59021775,59022980,land,6,7
59022301,59022326,land,1,2
59022301,59022330,land,3,4
59022301,59022343,land,3,4
59022326,59022330,land,3,4
59022326,59022343,land,3,4
59022326,60023712,land,20,21
59022330,59022563,land,5,6
59022356,59022380,land,2,3
59022356,59022736,land,5,6
59022356,59022764,land,2,3
59022356,59049216,land,6,7
59022380,59022562,land,3,4
59022380,59022563,land,4,5
59022380,59022980,land,4,5
59022562,59022563,land,2,3
59022562,59022980,land,1,2
59022641,59022652,land,2,3
59022641,59022664,land,2,3
59022641,59022814,land,4,5
59022652,59022743,land,3,4
59022652,59022747,land,2,3
59022652,59022774,land,4,5
59022652,59022814,land,4,5
59022652,59022816,land,4,5
59022664,59022732,land,3,4
59022664,59022814,land,4,5
59022664,59022825,land,3,4
59022732,59022823,land,3,4
59022732,59022825,land,1,2
59022736,59022737,land,1,2
59022736,59022741,land,1,2
59022736,59022763,land,2,3
59022736,59022764,land,3,4
59022736,59049216,land,4,5
59022737,59022741,land,1,2
59022737,59022743,land,2,3
59022737,59022746,land,2,3
59022737,59022749,land,1,2
59022737,59022758,land,3,4
59022737,59022762,land,2,3
59022737,59022763,land,2,3
59022741,59022749,land,1,2
59022741,59022764,land,3,4
59022741,59022774,land,1,2
59022743,59022746,land,1,2
59022743,59022747,land,1,2
59022743,59022749,land,1,2
59022743,59022816,land,3,4
59022746,59022762,land,1,2
59022746,59022791,land,3,4
59022746,59022816,land,3,4
59022746,59022828,land,3,4
59022746,59022833,land,1,2
59022747,59022749,land,1,2
59022747,59022774,land,1,2
59022749,59022774,land,1,2
59022758,59022762,land,1,2
59022758,59022763,land,2,3
59022758,59022829,land,1,2
59022758,59022833,land,1,2
59022758,59049168,land,3,4
59022762,59022833,land,1,2
59022763,59049168,land,3,4
59022763,59049169,land,3,4
59022763,59049171,land,2,3
59022763,59049216,land,4,5
59022764,59022774,land,5,6
59022789,59022791,land,1,2
59022789,59022814,land,1,2
59022789,59022816,land,1,2
59022789,59022823,land,2,3
59022791,59022816,land,1,2
59022791,59022828,land,1,2
59022814,59022816,land,1,2
59022814,59022823,land,3,4
59022814,59022825,land,3,4
59022823,59022825,land,2,3
59022828,59022829,land,2,3
59022828,59022833,land,2,3
59022829,59022833,land,1,2
59049155,59049157,water,1,2
59049155,59049159,land,1,2
59049155,59049226,land,1,2
59049155,59049230,land,1,2
59049155,59049242,water,1,2
59049157,59049173,land,1,2
59049157,59049242,land,1,2
59049157,59049244,land,1,2
59049159,59049230,land,1,2
59049168,59049169,land,1,2
59049168,59049171,land,1,2
59049168,59049173,land,1,2
59049169,59049171,land,1,2
59049169,59049173,land,1,2
59049169,59049216,land,3,4
59049169,59049238,land,2,3
59049169,59049241,land,2,3
59049169,59049244,land,1,2
59049173,59049244,land,1,2
59049196,59049200,land,1,2
59049196,59049201,water,1,2
59049196,59049202,land,1,2
59049196,59049209,land,2,3
59049196,59049216,land,3,4
59049196,59049239,land,2,3
59049200,59049201,land,1,2
59049200,59049202,land,1,2
59049200,59049225,land,1,2
59049200,59049227,land,1,2
59049200,59049233,land,1,2
59049201,59049209,land,1,2
59049201,59049233,land,1,2
59049202,59049227,water,1,2
59049202,59049239,land,1,2
59049202,59049243,land,1,2
59049216,59049239,land,2,3
59049216,59049241,land,1,2
59049225,59049226,land,2,3
59049225,59049227,land,1,2
59049225,59049230,land,2,3
59049225,59049233,land,1,2
59049226,59049227,land,1,2
59049226,59049230,land,1,2
59049226,59049242,water,1,2
59049226,59049243,land,1,2
59049227,59049243,land,1,2
59049238,59049239,land,1,2
59049238,59049241,land,1,2
59049238,59049242,land,1,2
59049238,59049243,land,1,2
59049238,59049244,land,1,2
59049239,59049241,land,1,2
59049239,59049243,land,1,2
59049242,59049243,land,1,2
59049242,59049244,land,1,2
61023440,62018255,water,62,63
